Product_ID,Product_Name,Region,Cost,Selling_Price,Discount,Units_Sold,Revenue,Profit
1,Product_1,East,496,688,0.26,55,28001.6,7814.4
2,Product_2,West,194,355,0.12,143,44673.2,20260.24
3,Product_3,North,250,389,0.29,47,12980.93,4638.43
4,Product_4,East,466,643,0.04,71,43826.88,12064.32
5,Product_5,East,261,348,0.03,95,32068.2,8017.05
6,Product_6,West,269,434,0.2,199,69092.8,26268
7,Product_7,North,289,345,0.28,87,21610.8,3507.84
8,Product_8,North,462,634,0.24,55,26501.2,7189.6
9,Product_9,East,446,641,0.02,150,94227,28665
10,Product_10,South,95,187,0.08,12,2064.48,1015.68
11,Product_11,East,84,246,0.28,15,2656.8,1749.6
12,Product_12,East,302,370,0.08,102,34720.8,6381.12
13,Product_13,East,439,579,0.23,17,7579.11,1832.6
14,Product_14,East,131,238,0.25,181,32308.5,14525.25
15,Product_15,West,420,579,0.15,117,57581.55,15812.55
16,Product_16,North,305,361,0.12,170,54005.6,8377.6
17,Product_17,West,246,326,0.14,84,23550.24,5779.2
18,Product_18,West,352,542,0.07,86,43349.16,15196.2
19,Product_19,West,458,601,0.27,59,25885.07,6159.01
20,Product_20,East,499,557,0.14,20,9580.4,997.6
21,Product_21,South,59,141,0.26,104,10851.36,6310.72
22,Product_22,North,361,426,0.03,165,68181.3,10403.25
23,Product_23,South,335,442,0.3,79,24442.6,5917.1
24,Product_24,West,291,321,0.13,178,49710.06,4645.8
25,Product_25,West,300,381,0.01,25,9429.75,2004.75
26,Product_26,South,414,510,0.01,77,38877.3,7318.08
27,Product_27,South,54,226,0.22,108,19038.24,14489.28
28,Product_28,South,168,239,0.2,57,10898.4,3237.6
29,Product_29,West,338,361,0.24,193,52951.48,3373.64
30,Product_30,West,423,501,0.03,73,35475.81,5523.18
31,Product_31,North,114,205,0.01,196,39778.2,17657.64
32,Product_32,North,195,362,0.15,99,30462.3,14053.05
33,Product_33,West,273,385,0.12,199,67421.2,19613.44
34,Product_34,South,288,370,0.14,85,27047,5994.2
35,Product_35,South,226,299,0.3,148,30976.4,7562.8
36,Product_36,North,316,452,0.29,110,35301.2,10621.6
37,Product_37,West,390,519,0.28,98,36620.64,9102.24
38,Product_38,North,331,424,0.24,27,8700.48,1908.36
39,Product_39,North,112,238,0.11,28,5930.96,3139.92
40,Product_40,East,266,342,0.12,64,19261.44,4280.32
41,Product_41,East,391,579,0.16,111,53985.96,17529.12
42,Product_42,East,364,386,0.25,127,36766.5,2095.5
43,Product_43,South,332,471,0.02,163,75237.54,22203.86
44,Product_44,West,226,251,0.13,143,31226.91,3110.25
45,Product_45,West,466,490,0.02,13,6242.6,305.76
46,Product_46,West,147,171,0.15,117,17005.95,2386.8
47,Product_47,West,154,227,0.27,124,20548.04,6607.96
48,Product_48,East,148,214,0.23,38,6261.64,1931.16
49,Product_49,South,434,630,0.07,68,39841.2,12395.04
50,Product_50,South,454,482,0.29,134,45857.48,2663.92
51,Product_51,East,360,478,0.2,107,40916.8,10100.8
52,Product_52,South,55,94,0,26,2444,1014
53,Product_53,East,246,387,0.08,116,41300.64,15047.52
54,Product_54,West,400,480,0.08,52,22963.2,3827.2
55,Product_55,East,182,324,0.02,89,28259.28,12385.24
56,Product_56,West,407,589,0.29,171,71510.49,22096.62
57,Product_57,West,308,505,0.14,17,7383.1,2880.14
58,Product_58,North,486,587,0.27,150,64276.5,11059.5
59,Product_59,East,72,153,0.1,115,15835.5,8383.5
60,Product_60,North,102,266,0.04,17,4341.12,2676.48
61,Product_61,East,214,236,0.14,105,21310.8,1986.6
62,Product_62,East,251,430,0.03,103,42961.3,17883.89
63,Product_63,North,132,164,0.15,74,10315.6,2012.8
64,Product_64,North,194,333,0.28,180,43156.8,18014.4
65,Product_65,East,134,278,0.16,48,11208.96,5806.08
66,Product_66,South,127,235,0.18,90,17343,7970.4
67,Product_67,West,415,507,0.05,196,94403.4,17130.4
68,Product_68,North,50,137,0.01,93,12613.59,8010.09
69,Product_69,West,100,261,0.03,97,24557.49,15148.49
70,Product_70,South,222,342,0.18,95,26641.8,9348
71,Product_71,South,254,371,0.03,102,36706.74,11575.98
72,Product_72,South,309,339,0.11,95,28662.45,2536.5
73,Product_73,North,495,619,0.17,53,27229.81,5454.76
74,Product_74,South,498,584,0.12,146,75032.32,11049.28
75,Product_75,North,418,560,0.05,174,92568,23472.6
76,Product_76,South,337,385,0.08,83,29398.6,3665.28
77,Product_77,West,83,239,0.28,45,7743.6,5054.4
78,Product_78,West,397,569,0.2,110,50072,15136
79,Product_79,East,144,239,0.15,165,33519.75,13323.75
80,Product_80,West,121,310,0,179,55490,33831
81,Product_81,East,88,116,0.3,180,14616,3528
82,Product_82,West,203,262,0.2,179,37518.4,8448.8
83,Product_83,North,299,343,0.1,113,34883.1,4474.8
84,Product_84,West,211,235,0.26,75,13042.5,1332
85,Product_85,East,487,645,0.08,64,37977.6,9303.04
86,Product_86,East,167,310,0.16,185,48174,22222.2
87,Product_87,South,308,365,0.19,100,29565,4617
88,Product_88,North,428,519,0.07,31,14962.77,2623.53
89,Product_89,West,355,507,0.29,110,39596.7,11871.2
90,Product_90,South,317,512,0.22,164,65495.04,24944.4
91,Product_91,West,498,607,0.17,130,65495.3,11761.1
92,Product_92,West,103,268,0.05,102,25969.2,15988.5
93,Product_93,South,285,341,0.02,117,39099.06,6420.96
94,Product_94,South,438,517,0.1,150,69795,10665
95,Product_95,South,271,466,0.23,182,65305.24,27327.3
96,Product_96,South,300,347,0.08,19,6065.56,821.56
97,Product_97,South,362,462,0.16,18,6985.44,1512
98,Product_98,West,450,583,0.22,191,86855.34,19814.34
99,Product_99,South,161,220,0.03,164,34997.6,9385.72
100,Product_100,North,304,368,0.21,43,12500.96,2174.08
101,Product_101,East,352,433,0.03,138,57961.38,10842.66
102,Product_102,South,456,568,0.29,169,68154.32,13438.88
103,Product_103,South,256,390,0.15,98,32487,11162.2
104,Product_104,West,278,364,0.05,102,35271.6,8333.4
105,Product_105,South,390,465,0.1,80,33480,5400
106,Product_106,South,447,506,0.12,76,33841.28,3945.92
107,Product_107,South,115,232,0.23,157,28046.48,14144.13
108,Product_108,West,124,183,0.22,126,17985.24,5798.52
109,Product_109,South,484,594,0.18,103,50169.24,9290.6
110,Product_110,East,152,204,0.03,172,34035.36,8675.68
111,Product_111,West,471,496,0.05,108,50889.6,2565
112,Product_112,East,241,407,0.03,122,48164.38,19644.44
113,Product_113,West,301,400,0.17,112,37184,9203.04
114,Product_114,South,275,462,0.26,100,34188,13838
115,Product_115,East,343,454,0.13,99,39103.02,9560.43
116,Product_116,West,355,471,0.05,26,11633.7,2865.2
117,Product_117,North,147,225,0.17,27,5042.25,1747.98
118,Product_118,South,387,465,0.24,182,64318.8,10788.96
119,Product_119,West,335,402,0.22,125,39195,6532.5
120,Product_120,North,384,572,0.26,102,43174.56,14190.24
121,Product_121,West,396,428,0.08,190,74814.4,5593.6
122,Product_122,North,484,610,0.06,100,57340,11844
123,Product_123,South,496,560,0.26,91,37710.4,4309.76
124,Product_124,East,357,465,0.2,77,28644,6652.8
125,Product_125,North,298,487,0.09,123,54509.91,21154.77
126,Product_126,West,215,334,0.22,10,2605.2,928.2
127,Product_127,South,384,558,0.24,67,28413.36,8860.08
128,Product_128,North,79,264,0.18,163,35286.24,24727.1
129,Product_129,West,296,322,0.21,118,30016.84,2423.72
130,Product_130,West,155,307,0.11,157,42897.11,21238.96
131,Product_131,West,100,164,0.16,125,17220,6720
132,Product_132,North,130,207,0.16,96,16692.48,6209.28
133,Product_133,North,182,232,0.25,19,3306,712.5
134,Product_134,North,334,376,0.25,68,19176,2142
135,Product_135,East,437,626,0.25,50,23475,7087.5
136,Product_136,North,187,344,0,114,39216,17898
137,Product_137,North,233,412,0.22,142,45633.12,19826.04
138,Product_138,North,450,576,0.23,131,58101.12,12709.62
139,Product_139,East,379,556,0.2,154,68499.2,21806.4
140,Product_140,North,322,380,0.23,31,9070.6,1384.46
141,Product_141,West,389,567,0.25,107,45501.75,14284.5
142,Product_142,North,118,219,0.14,178,33524.52,15461.08
143,Product_143,West,83,202,0.15,77,13220.9,7788.55
144,Product_144,West,311,332,0.04,148,47170.56,2983.68
145,Product_145,West,102,198,0.12,65,11325.6,5491.2
146,Product_146,East,499,530,0.19,188,80708.4,4720.68
147,Product_147,East,254,312,0.23,158,37957.92,7056.28
148,Product_148,East,175,207,0.07,108,20791.08,3214.08
149,Product_149,North,284,349,0.04,85,28478.4,5304
150,Product_150,West,92,266,0.2,35,7448,4872
151,Product_151,East,289,421,0,124,52204,16368
152,Product_152,East,420,456,0.05,156,67579.2,5335.2
153,Product_153,North,160,283,0.01,118,33060.06,14368.86
154,Product_154,East,298,415,0.05,197,77667.25,21896.55
155,Product_155,North,200,307,0.05,56,16332.4,5692.4
156,Product_156,South,232,360,0.12,80,25344,9011.2
157,Product_157,East,385,567,0.12,163,81330.48,26106.08
158,Product_158,South,144,233,0.26,49,8448.58,3227.14
159,Product_159,North,423,600,0.15,142,72420,21363.9
160,Product_160,West,449,542,0.22,158,66796.08,11461.32
161,Product_161,East,57,139,0.03,141,19011.03,11215.14
162,Product_162,North,437,612,0.07,32,18213.12,5208
163,Product_163,West,409,488,0.21,115,44334.8,7177.15
164,Product_164,West,437,535,0.02,93,48759.9,8931.72
165,Product_165,South,233,289,0.15,152,37338.8,7235.2
166,Product_166,North,330,371,0.18,125,38027.5,4202.5
167,Product_167,West,244,411,0.18,118,39768.36,16158.92
168,Product_168,East,401,516,0.01,145,74071.8,16508.25
169,Product_169,East,244,331,0.1,50,14895,3915
170,Product_170,South,204,240,0.19,121,23522.4,3528.36
171,Product_171,West,142,173,0.04,156,25908.48,4642.56
172,Product_172,North,209,378,0.21,121,36133.02,16154.71
173,Product_173,East,483,647,0.22,112,56521.92,14327.04
174,Product_174,West,110,267,0.29,55,10426.35,6130.85
175,Product_175,West,171,308,0.06,165,47770.8,21248.7
176,Product_176,South,100,141,0.25,77,8142.75,2367.75
177,Product_177,East,452,591,0.16,131,65033.64,15295.56
178,Product_178,East,326,395,0.11,24,8437.2,1473.84
179,Product_179,North,54,87,0.04,174,14532.48,5512.32
180,Product_180,East,141,335,0.22,138,36059.4,20882.16
181,Product_181,North,219,267,0.07,120,29797.2,5356.8
182,Product_182,East,366,549,0.11,33,16124.13,5374.71
183,Product_183,South,71,270,0.02,36,9525.6,7020.72
184,Product_184,East,454,598,0.24,49,22269.52,5362.56
185,Product_185,North,375,401,0.23,198,61136.46,3963.96
186,Product_186,North,50,98,0.22,173,13224.12,6477.12
187,Product_187,South,182,340,0.09,33,10210.2,4744.74
188,Product_188,East,282,334,0.05,33,10470.9,1630.2
189,Product_189,East,61,214,0.19,13,2253.42,1611.09
190,Product_190,South,395,525,0.15,76,33915,8398
191,Product_191,East,95,193,0.05,43,7884.05,4003.3
192,Product_192,East,83,262,0.21,194,40154.12,27433.54
193,Product_193,North,482,680,0.3,186,88536,25779.6
194,Product_194,East,127,204,0.22,190,30232.8,11411.4
195,Product_195,East,267,312,0.22,125,30420,4387.5
196,Product_196,South,350,543,0.29,32,12336.96,4384.96
197,Product_197,South,460,508,0.06,118,56347.36,5324.16
198,Product_198,West,122,145,0.17,78,9387.3,1489.02
199,Product_199,North,331,449,0.29,104,33154.16,8713.12
200,Product_200,East,298,458,0.05,190,82669,28880
201,Product_201,East,96,154,0.21,71,8637.86,3253.22
202,Product_202,West,170,204,0.18,178,29775.84,4962.64
203,Product_203,East,263,401,0.18,66,21702.12,7468.56
204,Product_204,North,288,336,0.21,197,52291.68,7470.24
205,Product_205,West,105,281,0.28,63,12746.16,7983.36
206,Product_206,North,399,493,0.23,79,29989.19,5718.02
207,Product_207,West,156,291,0.02,110,31369.8,14553
208,Product_208,West,368,419,0.26,66,20463.96,2490.84
209,Product_209,South,97,246,0.07,147,33630.66,20369.79
210,Product_210,North,110,304,0.11,177,47889.12,30560.82
211,Product_211,East,386,489,0.14,144,60557.76,12755.52
212,Product_212,East,75,116,0.14,112,11173.12,3949.12
213,Product_213,North,341,387,0.13,175,58920.75,7003.5
214,Product_214,East,306,406,0.28,94,27478.08,6768
215,Product_215,East,57,202,0.21,70,11170.6,8018.5
216,Product_216,North,162,273,0.19,12,2653.56,1078.92
217,Product_217,West,404,444,0.01,137,60219.72,5425.2
218,Product_218,North,302,368,0.27,188,50504.32,9057.84
219,Product_219,West,229,349,0.27,95,24203.15,8322
220,Product_220,East,256,359,0.23,56,15480.08,4441.36
221,Product_221,East,352,377,0,85,32045,2125
222,Product_222,East,176,342,0.02,47,15752.52,7645.96
223,Product_223,South,105,255,0.07,173,41026.95,24133.5
224,Product_224,West,263,283,0.04,178,48359.04,3417.6
225,Product_225,South,63,140,0.12,150,18480,10164
226,Product_226,South,77,220,0.28,96,15206.4,9884.16
227,Product_227,North,127,312,0.14,67,17977.44,10659.7
228,Product_228,South,265,299,0,59,17641,2006
229,Product_229,North,435,616,0.08,39,22102.08,6494.28
230,Product_230,North,414,596,0.01,199,117417.96,35855.82
231,Product_231,South,203,286,0.01,110,31145.4,9038.7
232,Product_232,West,63,107,0.08,34,3346.96,1376.32
233,Product_233,West,236,279,0.08,121,31058.28,4786.76
234,Product_234,West,361,392,0.24,164,48858.88,3863.84
235,Product_235,West,420,457,0.29,188,61000.36,4938.76
236,Product_236,West,56,90,0.11,194,15539.4,5870.44
237,Product_237,South,52,98,0.13,135,11510.1,5402.7
238,Product_238,South,160,251,0.25,132,24849,9009
239,Product_239,East,456,535,0.08,56,27563.2,4070.08
240,Product_240,West,287,480,0.05,127,57912,23285.45
241,Product_241,South,412,576,0.26,48,20459.52,5825.28
242,Product_242,East,288,400,0.01,25,9900,2772
243,Product_243,West,323,395,0.19,31,9918.45,1807.92
244,Product_244,North,343,370,0.17,63,19347.3,1411.83
245,Product_245,East,276,374,0.1,158,53182.8,13935.6
246,Product_246,South,420,466,0.09,25,10601.5,1046.5
247,Product_247,North,64,257,0.23,68,13456.52,10105.48
248,Product_248,North,241,310,0.03,40,12028,2677.2
249,Product_249,North,168,318,0.07,179,52937.46,24970.5
250,Product_250,East,77,189,0.22,41,6044.22,3581.76
251,Product_251,South,251,442,0.16,196,72770.88,31446.24
252,Product_252,North,88,131,0.04,171,21504.96,7058.88
253,Product_253,West,490,569,0.26,18,7579.08,1052.28
254,Product_254,North,322,463,0.12,148,60301.12,18363.84
255,Product_255,North,280,430,0.25,19,6127.5,2137.5
256,Product_256,East,135,302,0.24,26,5967.52,3299.92
257,Product_257,East,175,240,0.19,77,14968.8,4054.05
258,Product_258,South,349,383,0.15,57,18556.35,1647.3
259,Product_259,West,74,246,0.29,189,33010.74,23080.68
260,Product_260,East,194,230,0.04,120,26496,4147.2
261,Product_261,North,62,207,0.22,162,26156.52,18322.2
262,Product_262,South,261,364,0.06,132,45165.12,12780.24
263,Product_263,North,74,102,0.1,158,14504.4,3981.6
264,Product_264,North,117,302,0.09,110,30230.2,18518.5
265,Product_265,East,443,638,0.28,111,50988.96,15584.4
266,Product_266,South,116,198,0.29,74,10402.92,4308.28
267,Product_267,West,282,418,0.05,60,23826,7752
268,Product_268,West,158,307,0.01,45,13676.85,6637.95
269,Product_269,East,195,302,0.22,90,21200.4,7511.4
270,Product_270,East,160,251,0.13,136,29698.32,10767.12
271,Product_271,South,277,435,0.03,97,40929.15,14866.22
272,Product_272,West,160,243,0.21,113,21692.61,7409.41
273,Product_273,West,83,174,0.16,24,3507.84,1834.56
274,Product_274,West,160,200,0.29,105,14910,2982
275,Product_275,North,313,350,0.07,176,57288,6056.16
276,Product_276,West,473,556,0.12,132,64584.96,9641.28
277,Product_277,North,418,519,0.16,10,4359.6,848.4
278,Product_278,South,285,414,0.24,160,50342.4,15686.4
279,Product_279,North,132,246,0.16,131,27069.84,12544.56
280,Product_280,South,91,276,0.18,176,39832.32,26699.2
281,Product_281,West,474,525,0.07,135,65913.75,6403.05
282,Product_282,West,150,180,0.25,66,8910,1485
283,Product_283,South,55,119,0.13,90,9317.7,5011.2
284,Product_284,East,229,281,0.04,171,46128.96,8536.32
285,Product_285,South,331,452,0.2,178,64364.8,17230.4
286,Product_286,East,369,557,0.06,82,42933.56,14491.04
287,Product_287,North,275,430,0.03,150,62565,22552.5
288,Product_288,North,492,522,0.26,79,30516.12,1753.8
289,Product_289,North,489,687,0.14,15,8862.3,2554.2
290,Product_290,West,364,471,0.22,93,34166.34,7761.78
291,Product_291,North,414,474,0.09,61,26311.74,3330.6
292,Product_292,East,278,442,0.24,12,4031.04,1495.68
293,Product_293,North,426,521,0.03,90,45483.3,8293.5
294,Product_294,South,338,478,0.11,72,30630.24,8971.2
295,Product_295,South,486,551,0.29,58,22690.18,2676.7
296,Product_296,West,199,378,0.24,85,24418.8,11563.4
297,Product_297,South,326,425,0.15,121,43711.25,10182.15
298,Product_298,East,247,320,0.1,184,52992,12088.8
299,Product_299,North,119,224,0.26,118,19559.68,9168.6
300,Product_300,West,161,272,0.16,192,43868.16,17902.08
301,Product_301,North,53,220,0.23,74,12535.6,9515.66
302,Product_302,North,399,579,0.23,90,40124.7,12474
303,Product_303,East,380,567,0.01,24,13471.92,4443.12
304,Product_304,South,495,674,0.04,109,70527.36,18730.56
305,Product_305,South,367,483,0.2,41,15842.4,3804.8
306,Product_306,North,399,420,0.05,105,41895,2094.75
307,Product_307,West,144,196,0.08,137,24703.84,6554.08
308,Product_308,South,201,378,0.28,155,42184.8,19753.2
309,Product_309,West,360,540,0.17,122,54680.4,18226.8
310,Product_310,South,186,282,0.23,92,19976.88,6800.64
311,Product_311,West,296,431,0.17,52,18601.96,5826.6
312,Product_312,East,436,609,0.17,125,63183.75,17948.75
313,Product_313,West,292,461,0.03,172,76913.24,28195.96
314,Product_314,East,80,202,0.1,87,15816.6,9552.6
315,Product_315,East,89,274,0.08,67,16889.36,11403.4
316,Product_316,West,278,400,0.12,42,14784,4509.12
317,Product_317,East,85,194,0.24,23,3391.12,1905.32
318,Product_318,North,457,650,0.11,171,98923.5,29372.67
319,Product_319,East,272,413,0.14,198,70325.64,24009.48
320,Product_320,South,55,217,0.12,141,26925.36,20100.96
321,Product_321,West,371,496,0.03,68,32716.16,8245
322,Product_322,North,269,407,0.13,166,58778.94,19929.96
323,Product_323,West,124,315,0.06,92,27241.2,16517.68
324,Product_324,South,53,121,0.06,143,16264.82,9140.56
325,Product_325,South,384,507,0.03,130,63932.7,15510.3
326,Product_326,South,183,263,0.11,186,43537.02,13243.2
327,Product_327,East,167,309,0.23,177,42113.61,19353.18
328,Product_328,East,418,571,0.08,92,48329.44,12949.92
329,Product_329,West,143,171,0.09,36,5601.96,917.28
330,Product_330,West,484,509,0.19,89,36693.81,1802.25
331,Product_331,North,111,203,0.06,143,27287.26,12366.64
332,Product_332,North,490,612,0.27,22,9828.72,1959.32
333,Product_333,West,243,422,0.16,73,25877.04,10976.28
334,Product_334,East,384,444,0.13,199,76869.72,10387.8
335,Product_335,South,252,385,0.17,156,49849.8,17220.84
336,Product_336,West,441,468,0.05,89,39569.4,2282.85
337,Product_337,North,75,166,0.18,132,17967.84,9849.84
338,Product_338,East,484,681,0.11,52,31516.68,9117.16
339,Product_339,West,222,333,0.27,98,23822.82,7940.94
340,Product_340,West,349,430,0.05,157,64134.5,12081.15
341,Product_341,East,182,285,0.15,104,25194,9105.2
342,Product_342,West,375,456,0.18,181,67679.52,12022.02
343,Product_343,East,459,589,0.01,160,93297.6,20592
344,Product_344,South,167,313,0.11,11,3064.27,1429.34
345,Product_345,East,373,399,0.22,129,40147.38,2616.12
346,Product_346,East,324,427,0.25,31,9927.75,2394.75
347,Product_347,East,261,412,0.09,124,46490.08,17038.84
348,Product_348,West,274,427,0.24,66,21418.32,7674.48
349,Product_349,West,69,146,0.29,81,8396.46,4428.27
350,Product_350,East,162,203,0.26,16,2403.52,485.44
351,Product_351,West,189,362,0.04,193,67071.36,32053.44
352,Product_352,North,96,242,0.22,128,24161.28,14576.64
353,Product_353,North,50,72,0.1,123,7970.4,2435.4
354,Product_354,West,139,285,0.3,25,4987.5,2555
355,Product_355,West,191,251,0.15,92,19628.2,4692
356,Product_356,East,369,494,0.04,188,89157.12,22560
357,Product_357,South,87,120,0.22,81,7581.6,2084.94
358,Product_358,West,342,373,0.1,133,44648.1,3710.7
359,Product_359,North,431,537,0.3,122,45859.8,9052.4
360,Product_360,East,188,219,0.29,21,3265.29,462.21
361,Product_361,West,405,565,0.2,135,61020,17280
362,Product_362,North,382,426,0.04,62,25355.52,2618.88
363,Product_363,North,308,372,0.21,84,24685.92,4247.04
364,Product_364,South,210,351,0.03,142,48346.74,19421.34
365,Product_365,East,439,605,0.01,36,21562.2,5916.24
366,Product_366,East,227,301,0.25,149,33636.75,8269.5
367,Product_367,South,59,178,0.06,154,25767.28,17226.44
368,Product_368,South,310,502,0.11,143,63889.54,24435.84
369,Product_369,East,456,611,0.29,106,45983.86,11665.3
370,Product_370,East,187,325,0.1,14,4095,1738.8
371,Product_371,West,221,293,0.09,66,17597.58,4324.32
372,Product_372,West,435,486,0.28,165,57736.8,6058.8
373,Product_373,South,62,132,0.03,87,11139.48,5907.3
374,Product_374,West,217,280,0.23,78,16816.8,3783.78
375,Product_375,North,179,280,0.3,127,24892,8978.9
376,Product_376,West,133,298,0.27,129,28062.66,15538.05
377,Product_377,West,370,539,0.2,68,29321.6,9193.6
378,Product_378,North,368,424,0.09,42,16205.28,2140.32
379,Product_379,South,150,265,0.08,71,17309.8,7511.8
380,Product_380,North,378,453,0.25,59,20045.25,3318.75
381,Product_381,West,322,446,0.26,121,39934.84,11102.96
382,Product_382,South,314,392,0.16,28,9219.84,1834.56
383,Product_383,West,448,598,0.07,132,73410.48,18414
384,Product_384,North,457,632,0.03,56,34330.24,9506
385,Product_385,North,87,141,0.03,176,24071.52,9218.88
386,Product_386,West,468,580,0.22,42,19000.8,3669.12
387,Product_387,East,143,259,0.13,150,33799.5,15138
388,Product_388,East,144,298,0.27,93,20231.22,10455.06
389,Product_389,North,354,449,0.22,191,66892.02,14153.1
390,Product_390,North,118,186,0.06,144,25176.96,9204.48
391,Product_391,East,367,480,0.18,88,34636.8,8154.08
392,Product_392,East,493,671,0.13,23,13426.71,3561.78
393,Product_393,West,285,328,0.17,156,42469.44,5567.64
394,Product_394,West,483,650,0.22,137,69459,17845.62
395,Product_395,East,383,439,0.24,63,21019.32,2681.28
396,Product_396,West,422,445,0.25,157,52398.75,2708.25
397,Product_397,West,425,552,0.08,38,19297.92,4439.92
398,Product_398,South,186,331,0.01,33,10813.77,4737.15
399,Product_399,West,467,506,0.22,91,35915.88,2768.22
400,Product_400,North,125,296,0.03,72,20672.64,11942.64
401,Product_401,West,84,153,0.09,114,15872.22,7158.06
402,Product_402,West,50,246,0,66,16236,12936
403,Product_403,East,345,543,0.2,145,62988,22968
404,Product_404,North,369,484,0.05,71,32645.8,7756.75
405,Product_405,West,455,579,0.2,166,76891.2,16467.2
406,Product_406,West,109,292,0.3,26,5314.4,3330.6
407,Product_407,South,369,505,0.02,75,37117.5,9996
408,Product_408,West,398,515,0.02,15,7570.5,1719.9
409,Product_409,West,377,462,0.1,67,27858.6,5125.5
410,Product_410,South,316,414,0.26,78,23896.08,5656.56
411,Product_411,East,410,591,0.06,165,91664.1,28073.1
412,Product_412,West,278,461,0.11,71,29130.59,11563.77
413,Product_413,South,319,344,0.02,178,60007.36,4361
414,Product_414,North,365,423,0.23,91,29639.61,4064.06
415,Product_415,East,335,524,0.12,178,82079.36,29604.96
416,Product_416,North,340,474,0.23,186,67886.28,19191.48
417,Product_417,North,262,406,0.27,186,55126.68,19552.32
418,Product_418,South,214,245,0.07,80,18228,2306.4
419,Product_419,West,54,204,0.24,140,21705.6,15960
420,Product_420,South,388,425,0.02,19,7913.5,688.94
421,Product_421,South,428,487,0.27,107,38039.57,4608.49
422,Product_422,South,127,167,0.2,98,13092.8,3136
423,Product_423,South,459,621,0.26,44,20219.76,5274.72
424,Product_424,East,111,229,0,11,2519,1298
425,Product_425,West,181,226,0.05,133,28555.1,5685.75
426,Product_426,North,138,165,0.12,33,4791.6,784.08
427,Product_427,North,286,405,0.11,83,29917.35,8790.53
428,Product_428,West,91,197,0.07,175,32061.75,17251.5
429,Product_429,North,138,199,0.11,31,5490.41,1682.99
430,Product_430,West,451,642,0.04,163,100460.16,29887.68
431,Product_431,North,345,378,0.12,180,59875.2,5227.2
432,Product_432,South,377,474,0.24,192,69166.08,14154.24
433,Product_433,North,344,365,0.14,48,15067.2,866.88
434,Product_434,West,153,291,0.01,166,47822.94,22678.92
435,Product_435,West,63,119,0.13,29,3002.37,1412.88
436,Product_436,West,337,425,0.01,50,21037.5,4356
437,Product_437,West,228,413,0.29,191,56006.93,25087.85
438,Product_438,West,174,234,0.04,157,35268.48,9043.2
439,Product_439,East,471,552,0.21,117,51021.36,7486.83
440,Product_440,East,402,481,0.29,156,53275.56,8750.04
441,Product_441,North,72,216,0.25,93,15066,10044
442,Product_442,West,112,242,0.21,120,22941.6,12324
443,Product_443,North,192,225,0.25,75,12656.25,1856.25
444,Product_444,West,202,305,0.29,167,36163.85,12212.71
445,Product_445,West,194,343,0.19,62,17225.46,7482.78
446,Product_446,East,274,363,0.17,43,12955.47,3176.41
447,Product_447,East,499,663,0.19,159,85387.77,21121.56
448,Product_448,South,358,500,0.16,76,31920,9065.28
449,Product_449,East,153,261,0.19,143,30231.63,12509.64
450,Product_450,South,153,200,0.13,36,6264,1472.04
451,Product_451,South,484,569,0.07,19,10054.23,1501.95
452,Product_452,South,88,270,0.04,82,21254.4,14327.04
453,Product_453,South,484,508,0.02,105,52273.2,2469.6
454,Product_454,South,247,434,0.08,57,22758.96,9806.28
455,Product_455,North,183,366,0.01,79,28624.86,14312.43
456,Product_456,East,116,180,0.17,196,29282.4,10411.52
457,Product_457,South,440,610,0.09,109,60505.9,16862.3
458,Product_458,West,228,294,0.25,68,14994,3366
459,Product_459,East,91,141,0.02,11,1519.98,539
460,Product_460,East,497,655,0.07,166,101118.9,24392.04
461,Product_461,South,64,93,0.22,74,5367.96,1673.88
462,Product_462,North,160,297,0.18,92,22405.68,10335.28
463,Product_463,South,206,239,0.02,163,38177.86,5271.42
464,Product_464,North,338,437,0.26,19,6144.22,1391.94
465,Product_465,West,280,392,0.26,62,17984.96,5138.56
466,Product_466,East,460,489,0.1,88,38728.8,2296.8
467,Product_467,West,469,564,0.1,68,34516.8,5814
468,Product_468,North,206,319,0.3,159,35504.7,12576.9
469,Product_469,North,87,211,0.19,188,32131.08,18882.72
470,Product_470,West,490,510,0.16,57,24418.8,957.6
471,Product_471,North,146,298,0.25,158,35313,18012
472,Product_472,West,460,499,0.09,132,59939.88,4684.68
473,Product_473,East,488,515,0.13,31,13889.55,728.19
474,Product_474,West,338,528,0.08,109,52947.84,19053.2
475,Product_475,East,303,323,0.24,107,26266.36,1626.4
476,Product_476,West,245,321,0.17,167,44493.81,10534.36
477,Product_477,North,135,218,0.2,34,5929.6,2257.6
478,Product_478,West,371,508,0.08,37,17292.32,4663.48
479,Product_479,North,59,106,0.07,122,12026.76,5332.62
480,Product_480,West,54,194,0.15,54,8904.6,6426
481,Product_481,West,172,298,0.22,77,17897.88,7567.56
482,Product_482,South,379,563,0.16,16,7566.72,2472.96
483,Product_483,North,402,596,0.01,58,34222.32,11139.48
484,Product_484,South,167,351,0.26,146,37922.04,19879.36
485,Product_485,North,343,411,0.02,173,69680.94,11528.72
486,Product_486,South,446,585,0.29,92,38212.2,9079.48
487,Product_487,East,208,271,0.01,138,37024.02,8607.06
488,Product_488,West,352,427,0.21,147,49587.51,8709.75
489,Product_489,North,277,452,0.02,173,76632.08,29669.5
490,Product_490,North,414,544,0.27,82,32563.84,7781.8
491,Product_491,West,265,418,0.14,55,19771.4,7236.9
492,Product_492,North,485,612,0.04,115,67564.8,14020.8
493,Product_493,North,233,400,0.1,169,60840,25400.7
494,Product_494,South,64,197,0.05,41,7673.15,5180.35
495,Product_495,North,206,303,0.05,15,4317.75,1382.25
496,Product_496,East,185,334,0.28,185,44488.8,19846.8
497,Product_497,East,310,366,0.13,175,55723.5,8526
498,Product_498,West,206,245,0.24,154,28674.8,4564.56
499,Product_499,North,96,141,0.19,83,9479.43,3025.35
500,Product_500,West,373,421,0.2,123,41426.4,4723.2
501,Product_501,East,381,401,0.04,36,13858.56,691.2
502,Product_502,North,222,360,0.07,63,21092.4,8085.42
503,Product_503,North,179,233,0.24,187,33113.96,7674.48
504,Product_504,West,460,538,0.29,172,65700.56,9525.36
505,Product_505,East,144,232,0.08,94,20063.36,7610.24
506,Product_506,North,164,344,0.08,136,43041.28,22521.6
507,Product_507,West,292,490,0.14,162,68266.8,27585.36
508,Product_508,East,469,500,0.3,165,57750,3580.5
509,Product_509,West,341,380,0.08,120,41952,4305.6
510,Product_510,South,331,393,0.12,24,8300.16,1309.44
511,Product_511,North,348,493,0.27,141,50744.49,14924.85
512,Product_512,South,332,401,0,102,40902,7038
513,Product_513,East,118,166,0.01,132,21692.88,6272.64
514,Product_514,South,197,255,0.18,82,17146.2,3899.92
515,Product_515,South,60,250,0.27,164,29930,22746.8
516,Product_516,East,303,500,0.07,163,75795,29863.23
517,Product_517,West,379,549,0.14,156,73653.84,22807.2
518,Product_518,South,409,600,0.14,101,52116,16590.26
519,Product_519,West,87,144,0.14,26,3219.84,1274.52
520,Product_520,South,183,286,0.19,52,12046.32,4338.36
521,Product_521,West,249,419,0.14,130,46844.2,19006
522,Product_522,East,72,219,0.13,50,9526.5,6394.5
523,Product_523,South,352,497,0.14,179,76508.18,22321.3
524,Product_524,East,395,459,0.18,187,70383.06,9813.76
525,Product_525,South,351,422,0.16,177,62742.96,10556.28
526,Product_526,East,412,511,0.26,48,18150.72,3516.48
527,Product_527,East,445,642,0.01,122,77540.76,23793.66
528,Product_528,South,267,410,0.25,160,49200,17160
529,Product_529,South,190,328,0.25,120,29520,12420
530,Product_530,South,153,180,0.09,189,30958.2,4643.73
531,Product_531,North,495,599,0.14,56,28847.84,5008.64
532,Product_532,West,259,407,0.13,72,25494.48,9270.72
533,Product_533,North,160,187,0.07,119,20695.29,2988.09
534,Product_534,North,153,329,0.12,78,22582.56,12080.64
535,Product_535,East,365,480,0.01,52,24710.4,5920.2
536,Product_536,South,220,341,0.08,185,58038.2,20594.2
537,Product_537,West,405,429,0.25,43,13835.25,774
538,Product_538,East,373,478,0.09,49,21314.02,4681.95
539,Product_539,North,182,376,0.25,70,19740,10185
540,Product_540,South,425,478,0.16,187,75084.24,8325.24
541,Product_541,East,342,416,0.26,71,21856.64,3887.96
542,Product_542,South,377,515,0.17,67,28639.15,7674.18
543,Product_543,East,176,366,0.01,170,61597.8,31977
544,Product_544,South,155,332,0.2,84,22310.4,11894.4
545,Product_545,North,141,274,0.01,25,6781.5,3291.75
546,Product_546,West,336,500,0.14,91,39130,12834.64
547,Product_547,North,427,472,0.28,103,35003.52,3337.2
548,Product_548,West,442,597,0.05,57,32327.55,8393.25
549,Product_549,South,100,166,0.12,147,21473.76,8537.76
550,Product_550,East,78,210,0.22,91,14905.8,9369.36
551,Product_551,North,345,440,0.26,47,15303.2,3304.1
552,Product_552,West,346,437,0.2,136,47545.6,9900.8
553,Product_553,North,263,371,0.08,28,9556.96,2782.08
554,Product_554,West,316,381,0.2,173,52730.4,8996
555,Product_555,North,456,508,0.09,196,90606.88,9274.72
556,Product_556,West,306,326,0.22,72,18308.16,1123.2
557,Product_557,West,351,517,0.29,86,31568.02,10135.96
558,Product_558,South,150,200,0.22,183,28548,7137
559,Product_559,West,454,615,0.26,140,63714,16679.6
560,Product_560,South,395,467,0,111,51837,7992
561,Product_561,West,159,226,0.22,74,13044.72,3867.24
562,Product_562,East,469,557,0.25,129,53889.75,8514
563,Product_563,East,231,355,0.01,100,35145,12276
564,Product_564,East,362,471,0.26,17,5925.18,1371.22
565,Product_565,West,50,132,0.08,188,22830.72,14182.72
566,Product_566,South,368,460,0.2,82,30176,6035.2
567,Product_567,South,487,667,0.24,143,72489.56,19562.4
568,Product_568,West,104,292,0.2,116,27097.6,17446.4
569,Product_569,East,420,528,0.03,98,50191.68,10266.48
570,Product_570,East,473,668,0.18,48,26292.48,7675.2
571,Product_571,South,448,480,0.16,122,49190.4,3279.36
572,Product_572,East,198,290,0.27,197,41704.9,13230.52
573,Product_573,North,480,576,0.12,37,18754.56,3125.76
574,Product_574,South,358,536,0.1,106,51134.4,16981.2
575,Product_575,East,186,273,0.22,191,40671.54,12961.26
576,Product_576,South,251,368,0.12,46,14896.64,4736.16
577,Product_577,North,485,629,0.19,146,74385.54,17029.44
578,Product_578,South,362,483,0.19,91,35601.93,8918.91
579,Product_579,South,166,317,0.27,65,15041.65,7164.95
580,Product_580,South,203,324,0.18,196,52073.28,19447.12
581,Product_581,South,474,512,0.15,94,40908.8,3036.2
582,Product_582,North,340,441,0.04,11,4656.96,1066.56
583,Product_583,West,112,272,0.03,198,52240.32,30729.6
584,Product_584,South,293,335,0.05,67,21322.75,2673.3
585,Product_585,South,74,176,0.05,116,19395.2,11240.4
586,Product_586,East,139,267,0.19,132,28547.64,13685.76
587,Product_587,South,124,218,0.22,197,33497.88,14444.04
588,Product_588,East,343,491,0.16,177,73001.88,22004.64
589,Product_589,West,435,542,0.25,173,70324.5,13883.25
590,Product_590,North,440,513,0.3,123,44169.3,6285.3
591,Product_591,North,259,367,0.25,116,31929,9396
592,Product_592,West,467,629,0.21,46,22857.86,5887.08
593,Product_593,North,396,480,0.16,88,35481.6,6209.28
594,Product_594,West,66,161,0.13,101,14147.07,8347.65
595,Product_595,West,177,339,0.03,27,8878.41,4242.78
596,Product_596,West,476,644,0.12,107,60639.04,15818.88
597,Product_597,North,492,658,0.27,72,34584.48,8724.96
598,Product_598,East,413,492,0.24,159,59453.28,9546.36
599,Product_599,West,300,412,0.06,148,57317.44,15581.44
600,Product_600,South,228,408,0.14,195,68421.6,30186
601,Product_601,North,231,299,0.25,194,43504.5,9894
602,Product_602,West,201,255,0.02,13,3248.7,687.96
603,Product_603,West,74,265,0.12,144,33580.8,24203.52
604,Product_604,South,229,350,0.26,70,18130,6267.8
605,Product_605,East,247,277,0.12,116,28276.16,3062.4
606,Product_606,East,393,511,0.02,63,31549.14,7285.32
607,Product_607,East,210,339,0.16,97,27621.72,10510.92
608,Product_608,West,226,319,0.26,77,18176.62,5299.14
609,Product_609,West,334,527,0.18,138,59635.32,21839.88
610,Product_610,West,112,140,0.07,64,8332.8,1666.56
611,Product_611,North,199,221,0.12,12,2333.76,232.32
612,Product_612,South,203,307,0.14,175,46203.5,15652
613,Product_613,West,205,250,0.17,130,26975,4855.5
614,Product_614,South,419,510,0.23,138,54192.6,9669.66
615,Product_615,South,98,165,0.03,111,17765.55,7213.89
616,Product_616,East,386,561,0.27,47,19247.91,6004.25
617,Product_617,North,133,269,0,94,25286,12784
618,Product_618,West,410,583,0.11,166,86132.42,25559.02
619,Product_619,East,226,398,0.01,142,55950.84,24179.76
620,Product_620,East,197,228,0.12,101,20264.64,2755.28
621,Product_621,West,167,319,0.16,30,8038.8,3830.4
622,Product_622,South,391,458,0.15,118,45937.4,6720.1
623,Product_623,East,112,168,0.05,56,8937.6,2979.2
624,Product_624,South,238,301,0.19,93,22674.33,4745.79
625,Product_625,North,409,443,0.01,92,40348.44,3096.72
626,Product_626,South,98,160,0.23,44,5420.8,2100.56
627,Product_627,North,376,571,0.28,78,32067.36,10951.2
628,Product_628,South,306,412,0.1,138,51170.4,13165.2
629,Product_629,East,273,362,0.16,149,45307.92,11139.24
630,Product_630,East,190,255,0.11,197,44709.15,11396.45
631,Product_631,North,264,391,0,36,14076,4572
632,Product_632,West,484,626,0.12,65,35807.2,8122.4
633,Product_633,North,428,618,0.24,32,15029.76,4620.8
634,Product_634,North,489,529,0.18,162,70272.36,5313.6
635,Product_635,South,260,430,0.03,30,12513,4947
636,Product_636,South,367,493,0.25,70,25882.5,6615
637,Product_637,North,81,180,0.16,72,10886.4,5987.52
638,Product_638,East,207,273,0.25,131,26822.25,6484.5
639,Product_639,South,334,470,0.17,61,23796.1,6885.68
640,Product_640,West,354,497,0.17,97,40013.47,11512.93
641,Product_641,South,478,640,0.03,162,100569.6,25456.68
642,Product_642,South,335,379,0.05,64,23043.2,2675.2
643,Product_643,West,193,248,0.29,55,9684.4,2147.75
644,Product_644,North,473,543,0.07,41,20704.59,2669.1
645,Product_645,West,68,102,0.29,64,4634.88,1544.96
646,Product_646,North,67,154,0.16,105,13582.8,7673.4
647,Product_647,North,306,346,0.04,142,47166.72,5452.8
648,Product_648,North,127,287,0.03,45,12527.55,6984
649,Product_649,West,420,458,0.06,119,51231.88,4250.68
650,Product_650,North,224,277,0.28,186,37095.84,7097.76
651,Product_651,East,243,340,0.12,115,34408,9816.4
652,Product_652,West,162,306,0.12,67,18041.76,8490.24
653,Product_653,East,163,299,0.09,48,13060.32,5940.48
654,Product_654,North,271,342,0.04,89,29220.48,6066.24
655,Product_655,South,215,261,0.15,106,23516.1,4144.6
656,Product_656,North,484,660,0.04,122,77299.2,20613.12
657,Product_657,East,368,543,0.25,70,28507.5,9187.5
658,Product_658,East,181,235,0.11,146,30535.9,7016.76
659,Product_659,West,434,589,0.11,15,7863.15,2069.25
660,Product_660,South,313,476,0.14,118,48304.48,16541.24
661,Product_661,West,462,587,0.13,44,22470.36,4785
662,Product_662,East,104,287,0.3,48,9643.2,6148.8
663,Product_663,North,408,585,0.16,159,78132.6,23640.12
664,Product_664,South,180,345,0.03,178,59567.7,28488.9
665,Product_665,North,337,358,0.18,127,37282.12,2186.94
666,Product_666,North,315,511,0.05,14,6796.3,2606.8
667,Product_667,South,415,511,0.01,179,90554.31,17012.16
668,Product_668,West,211,362,0.29,96,24673.92,10292.16
669,Product_669,North,429,538,0.23,85,35212.1,7134.05
670,Product_670,East,136,244,0.29,167,28931.08,12805.56
671,Product_671,North,104,217,0.14,66,12316.92,6413.88
672,Product_672,South,337,363,0.16,136,41469.12,2970.24
673,Product_673,South,227,341,0.05,38,12310.1,4115.4
674,Product_674,South,440,567,0.07,174,91751.94,20551.14
675,Product_675,West,398,491,0.25,96,35352,6696
676,Product_676,North,57,115,0.11,150,15352.5,7743
677,Product_677,West,370,530,0.25,169,67177.5,20280
678,Product_678,West,362,540,0.21,55,23463,7734.1
679,Product_679,South,296,386,0.05,125,45837.5,10687.5
680,Product_680,South,372,447,0.15,121,45973.95,7713.75
681,Product_681,West,492,681,0.2,160,87168,24192
682,Product_682,North,304,365,0.07,54,18330.3,3063.42
683,Product_683,East,377,432,0.25,154,49896,6352.5
684,Product_684,West,103,206,0.16,113,19553.52,9776.76
685,Product_685,North,298,435,0.05,94,38845.5,12234.1
686,Product_686,South,288,314,0.17,143,37268.66,3085.94
687,Product_687,South,278,351,0.3,117,28746.9,5978.7
688,Product_688,North,116,264,0.05,27,6771.6,3796.2
689,Product_689,East,100,291,0.25,103,22479.75,14754.75
690,Product_690,South,146,285,0.06,159,42596.1,20774.94
691,Product_691,South,141,333,0.23,42,10769.22,6209.28
692,Product_692,South,313,438,0.22,167,57053.88,16282.5
693,Product_693,North,467,533,0.09,135,65479.05,8108.1
694,Product_694,West,340,482,0.1,169,73312.2,21598.2
695,Product_695,South,145,305,0.24,179,41492.2,21766.4
696,Product_696,West,137,275,0.14,131,30981.5,15547.08
697,Product_697,East,127,296,0.22,147,33939.36,19377.54
698,Product_698,South,337,474,0.04,124,56424.96,16308.48
699,Product_699,South,169,209,0.26,173,26756.18,5120.8
700,Product_700,East,351,507,0.21,171,68490.63,21074.04
701,Product_701,South,449,494,0.27,37,13342.94,1215.45
702,Product_702,West,214,242,0.04,20,4646.4,537.6
703,Product_703,North,231,265,0.18,176,38244.8,4906.88
704,Product_704,West,447,476,0.18,56,21857.92,1331.68
705,Product_705,North,272,413,0.11,136,49989.52,17066.64
706,Product_706,North,360,500,0.14,156,67080,18782.4
707,Product_707,West,481,625,0.01,127,78581.25,18105.12
708,Product_708,West,56,245,0.22,152,29047.2,22407.84
709,Product_709,West,379,470,0.16,135,53298,10319.4
710,Product_710,West,312,483,0.02,165,78101.1,27650.7
711,Product_711,East,210,278,0.2,161,35806.4,8758.4
712,Product_712,South,200,373,0.14,81,25983.18,12051.18
713,Product_713,North,134,244,0.01,116,28020.96,12632.4
714,Product_714,West,196,252,0.29,146,26122.32,5804.96
715,Product_715,West,161,248,0.28,184,32855.04,11525.76
716,Product_716,West,430,499,0.15,42,17814.3,2463.3
717,Product_717,East,452,623,0.03,199,120257.69,33008.13
718,Product_718,West,85,123,0.23,28,2651.88,819.28
719,Product_719,West,334,453,0.15,83,31959.15,8395.45
720,Product_720,West,237,316,0.09,177,50898.12,12724.53
721,Product_721,South,131,317,0.15,184,49578.8,29090.4
722,Product_722,East,51,159,0.16,166,22170.96,15059.52
723,Product_723,West,434,599,0.17,187,92970.79,25609.65
724,Product_724,North,352,518,0.13,107,48220.62,15452.94
725,Product_725,North,246,429,0.18,150,52767,22509
726,Product_726,North,453,541,0.28,138,53753.76,8743.68
727,Product_727,East,60,254,0.11,171,38656.26,29524.86
728,Product_728,East,283,351,0.22,102,27925.56,5410.08
729,Product_729,North,435,562,0.27,185,75898.1,17151.35
730,Product_730,West,244,424,0.14,57,20784.48,8823.6
731,Product_731,East,168,306,0.13,186,49516.92,22331.16
732,Product_732,North,445,613,0.18,73,36694.18,10056.48
733,Product_733,North,69,238,0.18,70,13661.2,9700.6
734,Product_734,West,310,505,0.24,166,63710.8,24601.2
735,Product_735,South,342,398,0.14,48,16429.44,2311.68
736,Product_736,East,471,633,0.3,137,60704.7,15535.8
737,Product_737,West,305,487,0.02,97,46294.22,17300.92
738,Product_738,North,271,450,0,35,15750,6265
739,Product_739,North,442,472,0.19,26,9940.32,631.8
740,Product_740,West,275,432,0.09,80,31449.6,11429.6
741,Product_741,East,102,199,0.07,22,4071.54,1984.62
742,Product_742,South,477,573,0.09,78,40671.54,6814.08
743,Product_743,South,404,576,0.08,35,18547.2,5538.4
744,Product_744,North,391,412,0.01,58,23657.04,1205.82
745,Product_745,East,413,496,0.29,16,5634.56,942.88
746,Product_746,South,329,383,0.07,67,23864.73,3364.74
747,Product_747,East,130,156,0.22,58,7057.44,1176.24
748,Product_748,East,251,355,0.23,112,30615.2,8968.96
749,Product_749,North,207,372,0.28,62,16606.08,7365.6
750,Product_750,South,169,255,0.01,71,17923.95,6044.94
751,Product_751,West,108,169,0.26,26,3251.56,1173.64
752,Product_752,North,264,401,0.16,180,60631.2,20714.4
753,Product_753,South,177,321,0.19,34,8840.34,3965.76
754,Product_754,South,273,459,0.19,140,52050.6,21092.4
755,Product_755,South,258,446,0.25,38,12711,5358
756,Product_756,South,419,462,0.1,126,52390.8,4876.2
757,Product_757,South,164,229,0.22,169,30186.78,8568.3
758,Product_758,East,258,296,0.16,35,8702.4,1117.2
759,Product_759,North,63,150,0.24,133,15162,8793.96
760,Product_760,East,58,179,0.3,153,19170.9,12959.1
761,Product_761,West,89,150,0.06,34,4794,1949.56
762,Product_762,South,499,550,0.3,63,24255,2249.1
763,Product_763,North,286,472,0.03,165,75543.6,29769.3
764,Product_764,South,330,458,0,82,37556,10496
765,Product_765,North,408,463,0.01,129,59129.73,7024.05
766,Product_766,East,250,366,0.1,65,21411,6786
767,Product_767,North,295,478,0.19,74,28651.32,10969.02
768,Product_768,West,327,477,0.02,102,47680.92,14994
769,Product_769,West,284,376,0,95,35720,8740
770,Product_770,North,53,208,0.28,89,13328.64,9932.4
771,Product_771,North,203,319,0.25,178,42586.5,15486
772,Product_772,North,491,633,0.24,117,56286.36,12626.64
773,Product_773,North,78,167,0.27,188,22919.08,12214.36
774,Product_774,West,158,346,0.21,127,34714.18,18862.04
775,Product_775,South,147,179,0.03,166,28822.58,5152.64
776,Product_776,North,264,332,0.12,92,26878.72,5505.28
777,Product_777,North,342,421,0.22,156,51227.28,9612.72
778,Product_778,West,124,273,0.08,178,44706.48,24400.24
779,Product_779,West,375,399,0.21,182,57368.22,3450.72
780,Product_780,East,195,386,0.01,24,9171.36,4538.16
781,Product_781,North,177,223,0.09,140,28410.2,5860.4
782,Product_782,East,390,569,0.16,148,70738.08,22253.28
783,Product_783,West,91,259,0.19,190,39860.1,25855.2
784,Product_784,West,405,432,0.17,183,65616.48,4101.03
785,Product_785,South,90,159,0.21,39,4898.79,2125.89
786,Product_786,North,471,557,0,66,36762,5676
787,Product_787,East,83,146,0.03,155,21951.1,9472.05
788,Product_788,West,66,210,0.26,188,29215.2,20033.28
789,Product_789,West,214,291,0.2,137,31893.6,8439.2
790,Product_790,East,202,224,0.03,57,12384.96,1216.38
791,Product_791,South,427,532,0.25,145,57855,11418.75
792,Product_792,West,125,214,0.07,31,6169.62,2565.87
793,Product_793,North,136,285,0.14,15,3676.5,1922.1
794,Product_794,West,166,357,0.04,194,66487.68,35571.84
795,Product_795,North,411,432,0.21,113,38564.64,1874.67
796,Product_796,East,391,512,0.2,45,18432,4356
797,Product_797,North,76,130,0.06,88,10753.6,4466.88
798,Product_798,East,362,479,0.26,125,44307.5,10822.5
799,Product_799,North,336,385,0.12,66,22360.8,2845.92
800,Product_800,East,183,318,0.09,58,16784.04,7125.3
801,Product_801,North,268,295,0.05,182,51005.5,4668.3
802,Product_802,South,217,386,0.08,91,32315.92,14148.68
803,Product_803,North,147,210,0.01,75,15592.5,4677.75
804,Product_804,North,317,372,0.17,86,26553.36,3925.9
805,Product_805,South,286,382,0.25,54,15471,3888
806,Product_806,West,358,408,0.16,88,30159.36,3696
807,Product_807,West,443,509,0.07,29,13727.73,1780.02
808,Product_808,North,222,296,0.01,132,38681.28,9670.32
809,Product_809,South,450,575,0.06,76,41078,8930
810,Product_810,North,459,636,0.12,92,51490.56,14329.92
811,Product_811,East,239,379,0.23,12,3501.96,1293.6
812,Product_812,East,171,245,0.06,191,43987.3,13285.96
813,Product_813,North,95,258,0.22,73,14690.52,9281.22
814,Product_814,West,113,144,0.26,49,5221.44,1124.06
815,Product_815,West,179,343,0.14,68,20058.64,9590.72
816,Product_816,North,359,522,0.25,192,75168,23472
817,Product_817,North,412,571,0.17,71,33649.03,9369.87
818,Product_818,East,242,397,0.19,141,45341.37,17702.55
819,Product_819,West,356,378,0.16,69,21908.88,1275.12
820,Product_820,North,230,393,0.14,125,42247.5,17522.5
821,Product_821,East,341,390,0.07,84,30466.8,3827.88
822,Product_822,West,420,462,0.09,131,55075.02,5006.82
823,Product_823,South,331,442,0.09,116,46657.52,11717.16
824,Product_824,East,78,212,0.17,105,18475.8,11678.1
825,Product_825,West,198,321,0.04,100,30816,11808
826,Product_826,West,316,453,0.28,167,54468.72,16472.88
827,Product_827,East,345,369,0.22,139,40006.98,2602.08
828,Product_828,South,60,183,0.12,71,11433.84,7685.04
829,Product_829,East,213,340,0.05,58,18734,6997.7
830,Product_830,West,162,246,0.26,146,26577.84,9075.36
831,Product_831,North,236,376,0.25,101,28482,10605
832,Product_832,North,344,393,0.22,168,51498.72,6420.96
833,Product_833,East,281,449,0.08,133,54939.64,20556.48
834,Product_834,West,276,379,0.12,70,23346.4,6344.8
835,Product_835,North,359,528,0.03,57,29193.12,9344.01
836,Product_836,West,147,198,0.06,162,30151.44,7766.28
837,Product_837,East,104,284,0.23,173,37831.64,23977.8
838,Product_838,North,160,195,0.21,145,22337.25,4009.25
839,Product_839,West,201,258,0.18,67,14174.52,3131.58
840,Product_840,North,295,456,0.27,110,36616.8,12928.3
841,Product_841,East,455,510,0.17,121,51219.3,5523.65
842,Product_842,West,118,288,0.14,182,45077.76,26608.4
843,Product_843,North,361,494,0.1,71,31566.6,8498.7
844,Product_844,East,338,423,0.28,48,14618.88,2937.6
845,Product_845,North,299,423,0.02,67,27774.18,8141.84
846,Product_846,North,85,189,0.28,108,14696.64,8087.04
847,Product_847,South,288,309,0.25,53,12282.75,834.75
848,Product_848,South,197,291,0.04,38,10615.68,3429.12
849,Product_849,East,276,362,0.17,68,20431.28,4853.84
850,Product_850,South,293,492,0.26,80,29126.4,11780.8
851,Product_851,East,386,556,0.17,101,46609.48,14251.1
852,Product_852,South,495,668,0.27,18,8777.52,2273.22
853,Product_853,North,414,488,0.28,136,47784.96,7246.08
854,Product_854,East,250,275,0.13,143,34212.75,3110.25
855,Product_855,East,203,385,0.11,166,56879.9,26888.68
856,Product_856,North,499,668,0.28,195,93787.2,23727.6
857,Product_857,East,122,312,0.2,154,38438.4,23408
858,Product_858,East,250,412,0.03,153,61144.92,24042.42
859,Product_859,South,345,450,0.01,140,62370,14553
860,Product_860,East,66,145,0.17,30,3610.5,1967.1
861,Product_861,West,178,298,0.28,73,15662.88,6307.2
862,Product_862,North,266,297,0.25,99,22052.25,2301.75
863,Product_863,South,110,178,0.2,45,6408,2448
864,Product_864,South,476,537,0.04,71,36601.92,4157.76
865,Product_865,West,153,338,0.08,179,55661.84,30465.8
866,Product_866,North,91,192,0.26,85,12076.8,6352.9
867,Product_867,North,74,266,0.05,179,45233.3,32649.6
868,Product_868,South,88,142,0.08,198,25866.72,9836.64
869,Product_869,East,340,517,0.04,22,10919.04,3738.24
870,Product_870,South,180,357,0.2,20,5712,2832
871,Product_871,North,278,431,0.28,63,19550.16,6940.08
872,Product_872,West,157,243,0.08,25,5589,1978
873,Product_873,South,221,320,0.14,17,4678.4,1447.38
874,Product_874,North,484,510,0.19,113,46680.3,2379.78
875,Product_875,South,151,350,0.3,68,16660,9472.4
876,Product_876,East,403,436,0.03,66,27912.72,2112.66
877,Product_877,South,61,153,0.15,49,6372.45,3831.8
878,Product_878,South,324,486,0.12,196,83825.28,27941.76
879,Product_879,North,150,318,0.26,139,32709.48,17280.48
880,Product_880,North,93,275,0.14,103,24359.5,16121.56
881,Product_881,North,492,577,0.03,147,82274.43,12120.15
882,Product_882,South,354,464,0.19,53,19919.52,4722.3
883,Product_883,East,494,643,0.23,148,73276.28,16980.04
884,Product_884,West,66,248,0,89,22072,16198
885,Product_885,West,379,418,0.26,90,27838.8,2597.4
886,Product_886,North,106,135,0.06,11,1395.9,299.86
887,Product_887,North,360,404,0.17,187,62704.84,6829.24
888,Product_888,South,352,396,0.12,149,51923.52,5769.28
889,Product_889,West,61,134,0.22,124,12960.48,7060.56
890,Product_890,North,367,419,0.11,99,36918.09,4581.72
891,Product_891,East,129,312,0.26,32,7388.16,4333.44
892,Product_892,East,265,379,0.22,155,45821.1,13782.6
893,Product_893,North,388,421,0.19,71,24211.71,1897.83
894,Product_894,North,313,397,0.24,122,36809.84,7788.48
895,Product_895,West,198,327,0.23,137,34495.23,13608.21
896,Product_896,West,130,229,0.01,71,16096.41,6958.71
897,Product_897,South,264,337,0.12,47,13938.32,3019.28
898,Product_898,West,423,567,0.28,175,71442,18144
899,Product_899,East,247,446,0.04,70,29971.2,13372.8
900,Product_900,East,249,399,0.22,138,42948.36,16146
901,Product_901,North,74,262,0.29,182,33855.64,24293.36
902,Product_902,West,138,291,0.02,165,47054.7,24740.1
903,Product_903,South,317,361,0.2,158,45630.4,5561.6
904,Product_904,East,192,352,0.14,131,39656.32,18025.6
905,Product_905,East,108,244,0.17,119,24099.88,13432.72
906,Product_906,South,459,614,0.03,22,13102.76,3307.7
907,Product_907,South,414,582,0.01,164,94493.52,27276.48
908,Product_908,East,75,119,0.2,109,10376.8,3836.8
909,Product_909,East,96,194,0.25,144,20952,10584
910,Product_910,South,337,424,0.23,31,10120.88,2076.69
911,Product_911,East,315,507,0.16,83,35348.04,13386.24
912,Product_912,North,65,96,0.03,190,17692.8,5713.3
913,Product_913,North,248,299,0.21,141,33305.61,5680.89
914,Product_914,South,450,597,0.07,32,17766.72,4374.72
915,Product_915,West,456,571,0.27,128,53354.24,10745.6
916,Product_916,South,331,442,0.25,79,26188.5,6576.75
917,Product_917,South,135,295,0.21,93,21673.65,11755.2
918,Product_918,West,299,349,0.28,110,27640.8,3960
919,Product_919,West,440,537,0.01,93,49441.59,8930.79
920,Product_920,West,319,358,0.22,170,47470.8,5171.4
921,Product_921,North,384,549,0.1,37,18281.7,5494.5
922,Product_922,East,166,245,0.27,145,25933.25,8362.15
923,Product_923,North,56,209,0.08,10,1922.8,1407.6
924,Product_924,East,186,365,0.22,174,49537.8,24293.88
925,Product_925,North,420,532,0.26,72,28344.96,5967.36
926,Product_926,East,225,287,0.01,31,8808.03,1902.78
927,Product_927,North,377,526,0.12,79,36567.52,10358.48
928,Product_928,West,364,443,0.23,134,45708.74,8151.22
929,Product_929,South,264,434,0.14,158,58971.92,23099.6
930,Product_930,North,131,181,0.08,105,17484.6,4830
931,Product_931,East,272,296,0.07,172,47348.16,3839.04
932,Product_932,West,421,602,0.04,88,50856.96,15290.88
933,Product_933,North,472,501,0.26,14,5190.36,300.44
934,Product_934,North,451,559,0.17,69,32013.93,6185.16
935,Product_935,West,492,641,0.02,129,81035.22,18836.58
936,Product_936,North,152,297,0.11,55,14538.15,7097.75
937,Product_937,South,322,352,0.11,187,58583.36,4992.9
938,Product_938,North,63,260,0.05,185,45695,34622.75
939,Product_939,South,208,386,0.13,143,48022.26,22144.98
940,Product_940,South,201,276,0.1,65,16146,4387.5
941,Product_941,West,157,259,0.1,119,27738.9,10924.2
942,Product_942,North,237,393,0.22,196,60081.84,23849.28
943,Product_943,West,350,468,0.07,166,72249.84,18216.84
944,Product_944,North,147,315,0.19,113,28831.95,15377.04
945,Product_945,North,180,272,0.17,86,19415.36,6566.96
946,Product_946,East,342,517,0.17,155,66512.05,22513.75
947,Product_947,North,220,354,0.2,11,3115.2,1179.2
948,Product_948,West,473,499,0.16,17,7125.72,371.28
949,Product_949,South,232,331,0.26,84,20574.96,6153.84
950,Product_950,North,413,576,0.2,191,88012.8,24906.4
951,Product_951,East,88,204,0.16,134,22962.24,13056.96
952,Product_952,West,64,87,0.25,47,3066.75,810.75
953,Product_953,North,425,448,0.18,185,67961.6,3489.1
954,Product_954,West,53,175,0.09,36,5733,3996.72
955,Product_955,East,398,457,0.06,29,12457.82,1608.34
956,Product_956,East,458,494,0.05,149,69925.7,5095.8
957,Product_957,West,446,566,0.27,52,21485.36,4555.2
958,Product_958,North,259,381,0.21,198,59596.02,19083.24
959,Product_959,South,210,353,0.28,40,10166.4,4118.4
960,Product_960,East,65,136,0.18,100,11152,5822
961,Product_961,North,475,546,0.14,70,32869.2,4274.2
962,Product_962,North,157,340,0.02,118,39317.6,21162.12
963,Product_963,South,431,574,0.2,100,45920,11440
964,Product_964,East,499,684,0.17,172,97647.84,26410.6
965,Product_965,East,360,557,0.3,104,40549.6,14341.6
966,Product_966,North,276,358,0.07,152,50606.88,11591.52
967,Product_967,North,219,354,0.16,153,45496.08,17350.2
968,Product_968,South,83,164,0.2,22,2886.4,1425.6
969,Product_969,South,463,489,0.19,122,48322.98,2569.32
970,Product_970,East,300,474,0.17,44,17310.48,6354.48
971,Product_971,West,296,407,0.23,196,61424.44,16752.12
972,Product_972,East,318,351,0.06,158,52130.52,4901.16
973,Product_973,North,190,295,0.22,191,43949.1,15642.9
974,Product_974,East,323,475,0.19,167,64253.25,20561.04
975,Product_975,West,465,614,0.27,57,25548.54,6199.89
976,Product_976,South,145,226,0.25,44,7458,2673
977,Product_977,West,276,444,0.09,95,38383.8,14523.6
978,Product_978,West,428,526,0.08,175,84686,15778
979,Product_979,West,88,256,0.29,168,30535.68,20039.04
980,Product_980,South,351,508,0.16,161,68701.92,21232.68
981,Product_981,West,78,155,0.27,123,13917.45,6913.83
982,Product_982,West,495,634,0.05,186,112027.8,24561.3
983,Product_983,West,367,553,0.19,109,48824.37,16421.94
984,Product_984,North,294,446,0.24,169,57284.24,19522.88
985,Product_985,West,285,369,0.28,192,51010.56,11612.16
986,Product_986,South,234,266,0.1,195,46683,5616
987,Product_987,West,321,422,0.22,108,35549.28,8508.24
988,Product_988,West,489,681,0.16,12,6864.48,1935.36
989,Product_989,South,285,464,0.02,94,42743.68,16489.48
990,Product_990,West,288,471,0.21,134,49860.06,19372.38
991,Product_991,South,426,584,0.21,147,67819.92,18348.54
992,Product_992,West,315,483,0.28,92,31993.92,11128.32
993,Product_993,South,463,534,0.15,34,15432.6,2051.9
994,Product_994,West,458,594,0.07,77,42536.34,9738.96
995,Product_995,West,408,453,0.01,70,31392.9,3118.5
996,Product_996,North,389,442,0.12,38,14780.48,1772.32
997,Product_997,North,438,509,0.09,136,62993.84,8786.96
998,Product_998,West,114,245,0.23,28,5282.2,2824.36
999,Product_999,West,226,327,0.11,180,52385.4,16180.2
1000,Product_1000,East,52,251,0.28,83,14999.76,11892.24
